PREMIUM(Rs),MODE,AGE,GENDER,M/ STATUS,DESIGNATION TYPE,TERM,PLAN TYPE,PAYMENT METHOD,STATUS
"5,500",M,28,M,SINGLE,LABOUR,25,MEDICAL,ONLINE,Inforce
"52,689",H,26,F,SINGLE,MIDDLE,30,MEDICAL,ONLINE,Inforce
"12,812",M,36,M,SINGLE,MIDDLE,25,MEDICAL,ONLINE,Inforce
"18,050",Y,45,F,MARRIED,HIGHER,20,INVESTMENT,ONLINE,Inforce
"3,429",M,38,M,MARRIED,LOWER,22,PENSION,STO,Inforce
"18,050",Y,42,M,MARRIED,HIGHER,20,INVESTMENT,ONLINE,Inforce
"144,646",Y,36,M,MARRIED,HIGHER,25,MEDICAL,DIRECT PAY,Inforce
"25,418",Y,23,M,SINGLE,HIGHER,20,MEDICAL,STO,Inforce
"18,050",Y,53,F,MARRIED,HIGHER,15,INVESTMENT,STO,Inforce
"18,050",Y,42,F,MARRIED,MIDDLE,15,INVESTMENT,DIRECT PAY,Inforce
"14,090",Q,37,M,MARRIED,HIGHER,30,INVESTMENT,ONLINE,Inforce
"7,387",M,21,M,SINGLE,HIGHER,30,MEDICAL,STO,Inforce
"5,197",M,31,M,MARRIED,MIDDLE,18,EDUCATION,ONLINE,Inforce
"28,240",M,41,M,DIVORCED,MIDDLE,30,MEDICAL,DIRECT PAY,Inforce
"500,050",Y,54,M,MARRIED,HIGHER,21,INVESTMENT,CHEQUE,Inforce
"12,712",M,32,M,MARRIED,MIDDLE,30,MEDICAL,ONLINE,Inforce
"60,796",Y,34,M,SINGLE,HIGHER,28,MEDICAL,ONLINE,Inforce
"71,125",Q,40,M,MARRIED,HIGHER,30,MEDICAL,STO,Inforce
"5,769",M,35,M,MARRIED,MIDDLE,30,INVESTMENT,ONLINE,Inforce
"187,812",Y,44,M,MARRIED,HIGHER,29,MEDICAL,ONLINE,Inforce
"74,661",Y,37,M,MARRIED,MIDDLE,30,MEDICAL,ONLINE,Inforce
"92,921",Y,30,M,MARRIED,MIDDLE,25,MEDICAL,ONLINE,Inforce
"4,684",M,27,M,MARRIED,MIDDLE,30,MEDICAL,ONLINE,Inforce
"10,048",M,31,M,SINGLE,HIGHER,30,MEDICAL,ONLINE,Inforce
"12,713",M,39,M,MARRIED,HIGHER,30,MEDICAL,STO,Inforce
"21,740",Q,49,M,MARRIED,MIDDLE,10,PROTECTION,ONLINE,Inforce
"5,344",M,37,F,SINGLE,MIDDLE,30,MEDICAL,ONLINE,Inforce
"18,770",Y,35,M,MARRIED,MIDDLE,18,EDUCATION,STO,Inforce
"5,012",M,59,F,MARRIED,HIGHER,17,INVESTMENT,STO,Inforce
"6,659",M,39,M,MARRIED,HIGHER,17,EDUCATION,DIRECT PAY,Inforce
"11,379",Q,37,M,SINGLE,MIDDLE,24,PENSION,DIRECT PAY,Inforce
"6,771",M,29,F,MARRIED,MIDDLE,30,MEDICAL,ONLINE,Inforce
"128,081",Y,37,M,MARRIED,HIGHER,16,EDUCATION,ONLINE,Inforce
"100,050",Y,44,M,MARRIED,HIGHER,30,INVESTMENT,STO,Inforce
"5,687",M,47,F,MARRIED,HIGHER,15,PENSION,ONLINE,Inforce
"28,790",Y,36,M,SINGLE,HIGHER,30,MEDICAL,ONLINE,Inforce
"15,500",M,57,F,MARRIED,HIGHER,20,INVESTMENT,STO,Inforce
"75,050",Y,37,M,MARRIED,HIGHER,30,INVESTMENT,ONLINE,Inforce
"30,035",Q,42,F,MARRIED,MIDDLE,15,INVESTMENT,DIRECT PAY,Inforce
"6,076",M,37,M,MARRIED,MIDDLE,20,MEDICAL,STO,Inforce
"5,841",M,34,M,MARRIED,MIDDLE,30,MEDICAL,DIRECT PAY,Inforce
"122,463",Y,40,M,MARRIED,HIGHER,25,MEDICAL,STO,Inforce
"20,027",M,47,M,MARRIED,HIGHER,30,INVESTMENT,CHEQUE,Inforce
"36,014",Q,42,M,MARRIED,HIGHER,30,MEDICAL,ONLINE,Inforce
"6,013",M,39,M,MARRIED,HIGHER,30,INVESTMENT,STO,Inforce
"5,000",M,37,M,MARRIED,MIDDLE,30,PROTECTION,ONLINE,Inforce
"10,017",M,24,F,SINGLE,HIGHER,30,INVESTMENT,STO,Inforce
"4,127",M,46,F,SINGLE,MIDDLE,30,MEDICAL,STO,Inforce
"82,046",H,48,M,MARRIED,HIGHER,30,MEDICAL,STO,Inforce
"9,493",M,30,F,SINGLE,MIDDLE,30,MEDICAL,STO,Inforce
"6,405",M,32,M,MARRIED,MIDDLE,30,MEDICAL,STO,Inforce
"10,632",M,48,F,MARRIED,HIGHER,26,MEDICAL,DIRECT PAY,Inforce
"39,595",Y,51,F,MARRIED,LOWER,17,PENSION,DIRECT PAY,Inforce
"6,958",M,31,M,MARRIED,MIDDLE,30,MEDICAL,ONLINE,Inforce
"3,067",M,27,M,SINGLE,MIDDLE,30,INVESTMENT,ONLINE,Inforce
"24,204",Q,25,M,SINGLE,HIGHER,20,MEDICAL,ONLINE,Inforce
"36,970",H,35,M,MARRIED,MIDDLE,27,MEDICAL,STO,Inforce
"38,919",Y,31,M,SINGLE,MIDDLE,28,MEDICAL,DIRECT PAY,Inforce
"3,845",M,27,F,SINGLE,LOWER,22,INVESTMENT,DIRECT PAY,Inforce
"31,517",H,49,F,MARRIED,MIDDLE,15,PENSION,DIRECT PAY,Inforce
"5,012",M,30,M,SINGLE,MIDDLE,30,INVESTMENT,STO,Inforce
"3,410",M,45,F,MARRIED,LOWER,14,PROTECTION,DIRECT PAY,Inforce
"5,012",M,26,M,SINGLE,MIDDLE,30,INVESTMENT,STO,Inforce
"5,984",M,38,M,MARRIED,MIDDLE,30,PROTECTION,STO,Inforce
"2,451",M,29,F,SINGLE,MIDDLE,15,INVESTMENT,STO,Inforce
"3,530",M,29,F,SINGLE,MIDDLE,30,MEDICAL,ONLINE,Inforce
"10,168",Q,28,M,MARRIED,HIGHER,30,MEDICAL,DIRECT PAY,Inforce
"10,118",Q,24,M,SINGLE,MIDDLE,30,MEDICAL,DIRECT PAY,Inforce
"3,306",M,52,M,MARRIED,LOWER,17,PENSION,DIRECT PAY,Inforce
"4,998",M,33,F,SINGLE,MIDDLE,22,MEDICAL,ONLINE,Inforce
"2,257",M,29,M,MARRIED,HIGHER,30,EDUCATION,DIRECT PAY,Inforce
"6,188",M,40,M,MARRIED,HIGHER,30,MEDICAL,DIRECT PAY,Inforce
"5,012",M,53,F,MARRIED,HIGHER,27,INVESTMENT,STO,Inforce
"1,307",M,47,M,MARRIED,LABOUR,16,EDUCATION,DIRECT PAY,Inforce
"28,157",M,57,F,WIDOW,HIGHER,23,MEDICAL,STO,Inforce
"5,572",M,34,M,SINGLE,HIGHER,20,MEDICAL,STO,Inforce
"111,291",Y,55,M,MARRIED,HIGHER,20,MEDICAL,STO,Inforce
"51,727",Y,36,M,SINGLE,LOWER,30,MEDICAL,DIRECT PAY,Inforce
"8,999",M,26,M,SINGLE,HIGHER,30,MEDICAL,STO,Inforce
"3,675",M,34,M,MARRIED,MIDDLE,20,PROTECTION,ONLINE,Inforce
"2,440",M,31,F,SINGLE,MIDDLE,20,MEDICAL,STO,Inforce
"4,270",M,43,M,MARRIED,HIGHER,20,MEDICAL,CHEQUE,Inforce
"1,578",M,37,M,MARRIED,MIDDLE,30,EDUCATION,STO,Inforce
"2,383",M,37,M,MARRIED,MIDDLE,20,EDUCATION,STO,Inforce
"3,155",M,36,M,SINGLE,MIDDLE,25,PROTECTION,DIRECT PAY,Inforce
"3,049",M,44,M,MARRIED,HIGHER,15,EDUCATION,STO,Inforce
"2,644",M,33,F,SINGLE,MIDDLE,10,INVESTMENT,ONLINE,Inforce
"1,006",M,37,M,MARRIED,MIDDLE,30,PROTECTION,ONLINE,Inforce
"3,598",Q,41,F,MARRIED,MIDDLE,15,INVESTMENT,DIRECT PAY,Inforce
"99,050",Y,34,M,SINGLE,HIGHER,15,INVESTMENT,DIRECT PAY,Inforce
"5,064",M,28,M,SINGLE,LOWER,30,INVESTMENT,STO,Inforce
"5,039",M,35,M,MARRIED,MIDDLE,30,INVESTMENT,ONLINE,Inforce
"5,012",M,40,M,MARRIED,MIDDLE,30,INVESTMENT,DIRECT PAY,Inforce
"2,504",M,33,M,SINGLE,LOWER,25,INVESTMENT,STO,Inforce
"52,032",H,61,M,MARRIED,HIGHER,20,PROTECTION,STO,Inforce
"3,008",M,37,M,MARRIED,MIDDLE,20,EDUCATION,STO,Inforce
"1,971",M,33,M,SINGLE,LOWER,20,PROTECTION,STO,Inforce
"5,218",M,39,M,MARRIED,HIGHER,17,INVESTMENT,STO,Inforce
"2,345",M,34,M,SINGLE,LOWER,20,MEDICAL,STO,Inforce
"5,467",M,53,M,MARRIED,HIGHER,29,INVESTMENT,STO,Inforce
"1,232",M,36,M,SINGLE,MIDDLE,22,PROTECTION,DIRECT PAY,Inforce
"2,707",M,39,F,MARRIED,HIGHER,30,INVESTMENT,STO,Inforce
"4,195",M,44,F,MARRIED,HIGHER,20,MEDICAL,ONLINE,Inforce
"5,103",M,39,M,MARRIED,HIGHER,20,EDUCATION,ONLINE,Inforce
"1,599",M,41,F,MARRIED,MIDDLE,17,PROTECTION,DIRECT PAY,Inforce
"2,032",M,48,F,MARRIED,MIDDLE,20,EDUCATION,DIRECT PAY,Inforce
"1,185",M,54,F,MARRIED,LOWER,14,INVESTMENT,STO,Inforce
"2,032",M,33,M,SINGLE,LOWER,25,INVESTMENT,STO,Inforce
"28,050",Y,47,F,MARRIED,MIDDLE,15,INVESTMENT,DIRECT PAY,Inforce
"258,878",Y,40,M,MARRIED,HIGHER,12,EDUCATION,ONLINE,Inforce
"42,053",Y,57,F,WIDOW,HIGHER,22,MEDICAL,STO,Inforce
"1,565",M,33,M,SINGLE,LOWER,20,PROTECTION,DIRECT PAY,Inforce
"1,138",M,55,M,MARRIED,HIGHER,15,INVESTMENT,STO,Inforce
"1,978",M,39,M,MARRIED,HIGHER,15,EDUCATION,STO,Inforce
"13,826",H,43,M,MARRIED,HIGHER,19,EDUCATION,CHEQUE,Inforce
"16,510",H,43,M,MARRIED,HIGHER,16,EDUCATION,CHEQUE,Inforce
"1,665",M,46,M,MARRIED,HIGHER,13,EDUCATION,CHEQUE,Inforce
"2,547",M,46,M,MARRIED,HIGHER,15,EDUCATION,CHEQUE,Inforce
"1,678",M,46,M,MARRIED,HIGHER,18,EDUCATION,CHEQUE,Inforce
"120,188",H,49,M,MARRIED,HIGHER,20,PROTECTION,CHEQUE,Inforce
"2,147",M,40,M,MARRIED,LABOUR,24,INVESTMENT,STO,Inforce
"77,823",H,48,M,MARRIED,HIGHER,20,INVESTMENT,STO,Inforce
"2,570",M,44,M,MARRIED,HIGHER,15,EDUCATION,STO,Inforce
"5,302",M,35,M,SINGLE,MIDDLE,20,MEDICAL,ONLINE,Inforce
"2,478",M,40,M,MARRIED,HIGHER,20,EDUCATION,DIRECT PAY,Inforce
708,M,34,M,SINGLE,LOWER,20,INVESTMENT,STO,Inforce
"2,222",M,55,F,MARRIED,MIDDLE,20,INVESTMENT,STO,Inforce
"8,000",M,40,M,MARRIED,MIDDLE,25,INVESTMENT,STO,Inforce
"1,453",M,29,F,SINGLE,LABOUR,20,INVESTMENT,DIRECT PAY,Inforce
"1,494",Y,63,F,MARRIED,LABOUR,17,INVESTMENT,STO,Inforce
"1,334",M,47,M,MARRIED,LABOUR,15,EDUCATION,DIRECT PAY,Inforce
"15,000",M,49,M,MARRIED,MIDDLE,16,EDUCATION,STO,Inforce
"8,345",Q,39,M,MARRIED,HIGHER,20,INVESTMENT,DIRECT PAY,Inforce
"5,000",M,34,M,SINGLE,MIDDLE,31,INVESTMENT,DIRECT PAY,Inforce
"6,110",M,40,M,MARRIED,HIGHER,20,EDUCATION,STO,Inforce
"10,000",M,46,M,SINGLE,LOWER,15,INVESTMENT,DIRECT PAY,Inforce
"30,000",H,46,M,MARRIED,MIDDLE,30,INVESTMENT,DIRECT PAY,Inforce
"40,000",Y,50,F,MARRIED,MIDDLE,30,INVESTMENT,DIRECT PAY,Inforce
"40,000",Y,50,F,MARRIED,HIGHER,25,INVESTMENT,DIRECT PAY,Inforce
"13,382",Y,36,M,SINGLE,MIDDLE,30,PROTECTION,DIRECT PAY,Inforce
"11,964",Q,46,M,MARRIED,HIGHER,20,INVESTMENT,DIRECT PAY,Inforce
"3,598",Q,63,F,SINGLE,MIDDLE,15,MEDICAL,STO,Inforce
"5,000",M,42,M,MARRIED,HIGHER,24,MEDICAL,DIRECT PAY,Inforce
"5,503",M,53,M,MARRIED,HIGHER,15,INVESTMENT,ONLINE,Inforce
"5,000",M,54,F,MARRIED,MIDDLE,27,INVESTMENT,STO,Inforce
"5,000",M,37,F,MARRIED,MIDDLE,34,INVESTMENT,STO,Inforce
"10,000",M,37,M,MARRIED,MIDDLE,27,INVESTMENT,STO,Inforce
"1,547",M,39,M,MARRIED,LOWER,20,PROTECTION,DIRECT PAY,Inforce
"5,000",M,46,M,MARRIED,HIGHER,20,INVESTMENT,STO,Inforce
"5,000",M,48,F,MARRIED,MIDDLE,28,INVESTMENT,DIRECT PAY,Inforce
"10,000",M,52,F,MARRIED,MIDDLE,20,INVESTMENT,DIRECT PAY,Inforce
"50,000",Y,41,F,MARRIED,LOWER,26,INVESTMENT,DIRECT PAY,Inforce
"3,080",H,62,M,MARRIED,MIDDLE,15,EDUCATION,STO,Inforce
"3,147",M,46,M,MARRIED,MIDDLE,15,EDUCATION,STO,Inforce
"1,108",M,52,F,MARRIED,LABOUR,15,PENSION,DIRECT PAY,Inforce
"1,182",M,36,M,SINGLE,LOWER,20,INVESTMENT,STO,Inforce
"1,534",H,34,M,MARRIED,MIDDLE,20,INVESTMENT,ONLINE,Inforce
"2,019",M,55,M,SINGLE,MIDDLE,15,INVESTMENT,DIRECT PAY,Inforce
"1,876",M,61,F,MARRIED,MIDDLE,20,PROTECTION,STO,Inforce
"2,874",M,55,M,MARRIED,LOWER,15,PROTECTION,STO,Inforce
"1,521",M,54,M,MARRIED,LABOUR,15,EDUCATION,DIRECT PAY,Inforce
"2,686",M,39,M,MARRIED,HIGHER,20,PROTECTION,DIRECT PAY,Inforce
"1,252",M,59,M,MARRIED,MIDDLE,15,INVESTMENT,STO,Inforce
"9,207",Q,58,M,MARRIED,LOWER,20,EDUCATION,DIRECT PAY,Inforce
"1,000",M,40,M,SINGLE,LABOUR,28,INVESTMENT,STO,Inforce
"7,527",Q,39,M,MARRIED,MIDDLE,20,EDUCATION,DIRECT PAY,Inforce
"1,069",M,51,M,MARRIED,LABOUR,20,EDUCATION,DIRECT PAY,Inforce
"1,851",Q,49,M,MARRIED,MIDDLE,20,EDUCATION,DIRECT PAY,Inforce
"1,007",M,32,M,SINGLE,LABOUR,20,INVESTMENT,DIRECT PAY,Inforce
"1,098",M,60,F,MARRIED,MIDDLE,20,EDUCATION,STO,Inforce
"1,000",M,34,M,SINGLE,LABOUR,20,EDUCATION,DIRECT PAY,Inforce
"2,000",Q,57,F,MARRIED,LABOUR,20,PENSION,DIRECT PAY,Inforce
"3,628",Q,52,M,MARRIED,LOWER,20,PENSION,STO,Inforce
"2,451",M,56,M,MARRIED,LOWER,20,PROTECTION,DIRECT PAY,Inforce
"1,425",M,60,M,MARRIED,LABOUR,15,PROTECTION,DIRECT PAY,Inforce
"1,689",M,62,M,MARRIED,MIDDLE,15,EDUCATION,STO,Inforce
"1,006",M,47,M,MARRIED,MIDDLE,15,INVESTMENT,DIRECT PAY,Inforce
"32,874",Y,52,F,MARRIED,LOWER,20,INVESTMENT,DIRECT PAY,Inforce
"1,068",M,47,F,MARRIED,MIDDLE,20,EDUCATION,DIRECT PAY,Inforce
"1,042",M,61,F,MARRIED,LOWER,15,EDUCATION,DIRECT PAY,Inforce
